epoch;accuracy;loss
0;0.4150356;1.509525228187561
1;0.537202;1.18492006590271
2;0.5702088;1.1004290594024657
3;0.5880728;1.0556125783653258
4;0.5994336;1.0235084013519287
5;0.6072731;1.0015741033734415
